{
  "definition": "rank1 one-axis trifecta: rank1 as fixed axis, opponents are prediction ranks 2-5, 6 tickets at 100 yen each.",
  "base": {
    "condition": "全レース",
    "kind": "base",
    "races": 618,
    "race_share": 1.0,
    "rank1_in3_rate": 0.6310679611650486,
    "axis_hit_rate": 0.3058252427184466,
    "axis_roi": 2.50180690399137,
    "axis_hits": 189,
    "total_bet_yen": 370800.0,
    "total_payout_yen": 927670.0,
    "avg_rank1_score": 66.02059870550161
  },
  "best_conditions": [
    {
      "condition": "baba = 重",
      "kind": "category",
      "races": 71,
      "race_share": 0.11488673139158576,
      "rank1_in3_rate": 0.7323943661971831,
      "axis_hit_rate": 0.36619718309859156,
      "axis_roi": 5.758685446009389,
      "axis_hits": 26,
      "total_bet_yen": 42600.0,
      "total_payout_yen": 245320.0,
      "avg_rank1_score": 66.78309859154928,
      "axis_roi_lift": 3.2568785420180193,
      "axis_hit_rate_lift": 0.060371940380144984,
      "rank1_in3_rate_lift": 0.10132640503213453
    },
    {
      "condition": "score差1-2 >= 10",
      "kind": "numeric",
      "races": 58,
      "race_share": 0.09385113268608414,
      "rank1_in3_rate": 0.603448275862069,
      "axis_hit_rate": 0.27586206896551724,
      "axis_roi": 5.658620689655172,
      "axis_hits": 16,
      "total_bet_yen": 34800.0,
      "total_payout_yen": 196920.0,
      "avg_rank1_score": 72.39,
      "axis_roi_lift": 3.156813785663802,
      "axis_hit_rate_lift": -0.02996317375292934,
      "rank1_in3_rate_lift": -0.027619685302979646
    },
    {
      "condition": "score差1-3 >= 15",
      "kind": "numeric",
      "races": 53,
      "race_share": 0.08576051779935275,
      "rank1_in3_rate": 0.7924528301886793,
      "axis_hit_rate": 0.39622641509433965,
      "axis_roi": 5.497484276729559,
      "axis_hits": 21,
      "total_bet_yen": 31800.0,
      "total_payout_yen": 174820.0,
      "avg_rank1_score": 72.67471698113206,
      "axis_roi_lift": 2.9956773727381893,
      "axis_hit_rate_lift": 0.09040117237589307,
      "rank1_in3_rate_lift": 0.1613848690236307
    },
    {
      "condition": "place = 中山",
      "kind": "category",
      "races": 118,
      "race_share": 0.19093851132686085,
      "rank1_in3_rate": 0.6694915254237288,
      "axis_hit_rate": 0.4067796610169492,
      "axis_roi": 4.7004237288135595,
      "axis_hits": 48,
      "total_bet_yen": 70800.0,
      "total_payout_yen": 332790.0,
      "avg_rank1_score": 66.9887288135593,
      "axis_roi_lift": 2.1986168248221896,
      "axis_hit_rate_lift": 0.1009544182985026,
      "rank1_in3_rate_lift": 0.03842356425868021
    },
    {
      "condition": "distance_bucket = 中距離<=2200",
      "kind": "category",
      "races": 101,
      "race_share": 0.1634304207119741,
      "rank1_in3_rate": 0.6138613861386139,
      "axis_hit_rate": 0.36633663366336633,
      "axis_roi": 4.1709570957095705,
      "axis_hits": 37,
      "total_bet_yen": 60600.0,
      "total_payout_yen": 252760.0,
      "avg_rank1_score": 65.38920792079209,
      "axis_roi_lift": 1.6691501917182006,
      "axis_hit_rate_lift": 0.06051139094491975,
      "rank1_in3_rate_lift": -0.017206575026434745
    },
    {
      "condition": "score差1-2 >= 8",
      "kind": "numeric",
      "races": 102,
      "race_share": 0.1650485436893204,
      "rank1_in3_rate": 0.7156862745098039,
      "axis_hit_rate": 0.35294117647058826,
      "axis_roi": 4.006209150326797,
      "axis_hits": 36,
      "total_bet_yen": 61200.0,
      "total_payout_yen": 245180.0,
      "avg_rank1_score": 71.2835294117647,
      "axis_roi_lift": 1.5044022463354274,
      "axis_hit_rate_lift": 0.04711593375214168,
      "rank1_in3_rate_lift": 0.08461831334475534
    },
    {
      "condition": "score差1-3 >= 12",
      "kind": "numeric",
      "races": 109,
      "race_share": 0.17637540453074432,
      "rank1_in3_rate": 0.7706422018348624,
      "axis_hit_rate": 0.3394495412844037,
      "axis_roi": 3.88914373088685,
      "axis_hits": 37,
      "total_bet_yen": 65400.0,
      "total_payout_yen": 254350.0,
      "avg_rank1_score": 71.2594495412844,
      "axis_roi_lift": 1.38733682689548,
      "axis_hit_rate_lift": 0.03362429856595711,
      "rank1_in3_rate_lift": 0.13957424066981383
    },
    {
      "condition": "rank1 score >= 70",
      "kind": "numeric",
      "races": 104,
      "race_share": 0.16828478964401294,
      "rank1_in3_rate": 0.7403846153846154,
      "axis_hit_rate": 0.33653846153846156,
      "axis_roi": 3.715705128205128,
      "axis_hits": 35,
      "total_bet_yen": 62400.0,
      "total_payout_yen": 231860.0,
      "avg_rank1_score": 72.39576923076923,
      "axis_roi_lift": 1.2138982242137581,
      "axis_hit_rate_lift": 0.030713218820014987,
      "rank1_in3_rate_lift": 0.10931665421956682
    },
    {
      "condition": "extra_penalty <= 0",
      "kind": "numeric",
      "races": 169,
      "race_share": 0.27346278317152106,
      "rank1_in3_rate": 0.6331360946745562,
      "axis_hit_rate": 0.3136094674556213,
      "axis_roi": 3.6072978303747534,
      "axis_hits": 53,
      "total_bet_yen": 101400.0,
      "total_payout_yen": 365780.0,
      "avg_rank1_score": 65.63798816568047,
      "axis_roi_lift": 1.1054909263833834,
      "axis_hit_rate_lift": 0.007784224737174716,
      "rank1_in3_rate_lift": 0.0020681335095076303
    },
    {
      "condition": "place = 阪神",
      "kind": "category",
      "races": 121,
      "race_share": 0.19579288025889968,
      "rank1_in3_rate": 0.7520661157024794,
      "axis_hit_rate": 0.35537190082644626,
      "axis_roi": 3.4115702479338843,
      "axis_hits": 43,
      "total_bet_yen": 72600.0,
      "total_payout_yen": 247680.0,
      "avg_rank1_score": 67.10099173553719,
      "axis_roi_lift": 0.9097633439425143,
      "axis_hit_rate_lift": 0.049546658107999686,
      "rank1_in3_rate_lift": 0.12099815453743079
    },
    {
      "condition": "頭数 >= 16",
      "kind": "numeric",
      "races": 215,
      "race_share": 0.3478964401294498,
      "rank1_in3_rate": 0.5581395348837209,
      "axis_hit_rate": 0.22790697674418606,
      "axis_roi": 3.2256589147286823,
      "axis_hits": 49,
      "total_bet_yen": 129000.0,
      "total_payout_yen": 416110.0,
      "avg_rank1_score": 66.58734883720929,
      "axis_roi_lift": 0.7238520107373123,
      "axis_hit_rate_lift": -0.07791826597426052,
      "rank1_in3_rate_lift": -0.07292842628132767
    },
    {
      "condition": "score差1-2 >= 6",
      "kind": "numeric",
      "races": 154,
      "race_share": 0.24919093851132687,
      "rank1_in3_rate": 0.7402597402597403,
      "axis_hit_rate": 0.3181818181818182,
      "axis_roi": 3.1544372294372294,
      "axis_hits": 49,
      "total_bet_yen": 92400.0,
      "total_payout_yen": 291470.0,
      "avg_rank1_score": 70.55337662337664,
      "axis_roi_lift": 0.6526303254458594,
      "axis_hit_rate_lift": 0.0123565754633716,
      "rank1_in3_rate_lift": 0.10919177909469169
    },
    {
      "condition": "頭数 >= 14",
      "kind": "numeric",
      "races": 358,
      "race_share": 0.5792880258899676,
      "rank1_in3_rate": 0.5698324022346368,
      "axis_hit_rate": 0.2346368715083799,
      "axis_roi": 3.127141527001862,
      "axis_hits": 84,
      "total_bet_yen": 214800.0,
      "total_payout_yen": 671710.0,
      "avg_rank1_score": 66.25298882681564,
      "axis_roi_lift": 0.6253346230104921,
      "axis_hit_rate_lift": -0.07118837121006669,
      "rank1_in3_rate_lift": -0.06123555893041177
    },
    {
      "condition": "rank1 score >= 68",
      "kind": "numeric",
      "races": 190,
      "race_share": 0.3074433656957929,
      "rank1_in3_rate": 0.7105263157894737,
      "axis_hit_rate": 0.33157894736842103,
      "axis_roi": 2.9092105263157895,
      "axis_hits": 63,
      "total_bet_yen": 114000.0,
      "total_payout_yen": 331650.0,
      "avg_rank1_score": 70.78184210526315,
      "axis_roi_lift": 0.4074036223244195,
      "axis_hit_rate_lift": 0.02575370464997445,